{"\ud83d\udcdaKitoblar": [{"text": "Python dasturlash tili", "id": 873, "chat": 1566208883, "menu": []}, {"text": "Python dasturlash tili 2021", "id": 886, "chat": 1566208883, "menu": []}, {"text": "\u041e\u0441\u043d\u043e\u0432\u044b \u043f\u0440\u043e\u0433\u0440\u0430\u043c\u043c\u0438\u0440\u043e\u0432\u0430\u043d\u0438\u044f \u043d\u0430 \u044f\u0437\u044b\u043a\u0435 Python", "id": 896, "chat": 1566208883, "menu": []}, {"text": "\u041f\u0440\u043e\u0441\u0442\u043e\u0439 Python", "id": 906, "chat": 1566208883, "menu": []}], "Video qo'llanma": [], "\ud83d\udcc3Nazariy ma'lumotlar": [], "\ud83d\udcddTopshiriqlar": [], "\ud83c\udf10Manbalar": [], "\ud83d\udcdeAloqa": [], "Bosh sahifa": [878025138]}